{
  "pgvector": {
    "a": {
      "1": {
        "recall_mean": 1.0,
        "recall_min": 1.0,
        "qps": 24.165297579207863,
        "p99_ms": 250.44229524326505,
        "pages_total_mean": 27358.7,
        "pages_hit_mean": 27358.7,
        "pages_read_mean": 0.0
      },
      "5": {
        "recall_mean": 1.0,
        "recall_min": 1.0,
        "qps": 108.72262391659699,
        "p99_ms": 176.68233886011865,
        "pages_total_mean": 12746.75,
        "pages_hit_mean": 12746.75,
        "pages_read_mean": 0.0
      },
      "10": {
        "recall_mean": 1.0,
        "recall_min": 1.0,
        "qps": 105.27698953489622,
        "p99_ms": 136.4104767574462,
        "pages_total_mean": 7872.3,
        "pages_hit_mean": 7872.3,
        "pages_read_mean": 0.0
      },
      "40": {
        "recall_mean": 0.976,
        "recall_min": 0.9,
        "qps": 507.6620117911635,
        "p99_ms": 80.29770020861147,
        "pages_total_mean": 1250.6,
        "pages_hit_mean": 1250.6,
        "pages_read_mean": 0.0
      },
      "80": {
        "recall_mean": 0.966,
        "recall_min": 0.9,
        "qps": 1199.3588131490435,
        "p99_ms": 17.96684016124343,
        "pages_total_mean": 1236.95,
        "pages_hit_mean": 1236.95,
        "pages_read_mean": 0.0
      }
    }
  },
  "pg_acorn_tier1_g1": {
    "a": {
      "1": {
        "recall_mean": 1.0,
        "recall_min": 1.0,
        "qps": 27.12867306769636,
        "p99_ms": 172.90599827771072,
        "pages_total_mean": 27409.55,
        "pages_hit_mean": 27409.55,
        "pages_read_mean": 0.0
      },
      "5": {
        "recall_mean": 1.0,
        "recall_min": 1.0,
        "qps": 58.18455620322342,
        "p99_ms": 269.6261056768705,
        "pages_total_mean": 12732.75,
        "pages_hit_mean": 12732.75,
        "pages_read_mean": 0.0
      },
      "10": {
        "recall_mean": 1.0,
        "recall_min": 1.0,
        "qps": 122.1199947014759,
        "p99_ms": 221.68781500658943,
        "pages_total_mean": 7900.8,
        "pages_hit_mean": 7900.8,
        "pages_read_mean": 0.0
      },
      "40": {
        "recall_mean": 1.0,
        "recall_min": 1.0,
        "qps": 270.46615732432133,
        "p99_ms": 115.63637578394248,
        "pages_total_mean": 2508.2,
        "pages_hit_mean": 2508.2,
        "pages_read_mean": 0.0
      },
      "80": {
        "recall_mean": 1.0,
        "recall_min": 1.0,
        "qps": 1648.9303802432848,
        "p99_ms": 4.934239108115434,
        "pages_total_mean": 1392.95,
        "pages_hit_mean": 1392.95,
        "pages_read_mean": 0.0
      }
    }
  },
  "pg_acorn_tier2_g1": {
    "a": {
      "1": {
        "recall_mean": 0.996,
        "recall_min": 0.9,
        "qps": 32.347507232014465,
        "p99_ms": 290.5120749922934,
        "pages_total_mean": 19641.5,
        "pages_hit_mean": 19641.5,
        "pages_read_mean": 0.0
      },
      "5": {
        "recall_mean": 0.9599999999999999,
        "recall_min": 0.8,
        "qps": 61.64530974124822,
        "p99_ms": 288.09062043088477,
        "pages_total_mean": 8536.0,
        "pages_hit_mean": 8536.0,
        "pages_read_mean": 0.0
      },
      "10": {
        "recall_mean": 0.888,
        "recall_min": 0.7,
        "qps": 246.3623557436397,
        "p99_ms": 151.8538203486236,
        "pages_total_mean": 5295.05,
        "pages_hit_mean": 5295.05,
        "pages_read_mean": 0.0
      },
      "40": {
        "recall_mean": 0.9139999999999999,
        "recall_min": 0.7,
        "qps": 517.5591769392688,
        "p99_ms": 65.89692854322476,
        "pages_total_mean": 1757.85,
        "pages_hit_mean": 1757.85,
        "pages_read_mean": 0.0
      },
      "80": {
        "recall_mean": 0.9079999999999998,
        "recall_min": 0.6,
        "qps": 2936.094093105203,
        "p99_ms": 1.1221563827712089,
        "pages_total_mean": 973.8,
        "pages_hit_mean": 973.8,
        "pages_read_mean": 0.0
      }
    }
  },
  "pg_acorn_tier2_g2": {
    "a": {
      "1": {
        "recall_mean": 1.0,
        "recall_min": 1.0,
        "qps": 24.185456189812097,
        "p99_ms": 269.3775133695452,
        "pages_total_mean": 21847.3,
        "pages_hit_mean": 21847.3,
        "pages_read_mean": 0.0
      },
      "5": {
        "recall_mean": 0.992,
        "recall_min": 0.9,
        "qps": 103.93053800247692,
        "p99_ms": 253.8239009387323,
        "pages_total_mean": 12651.5,
        "pages_hit_mean": 12651.5,
        "pages_read_mean": 0.0
      },
      "10": {
        "recall_mean": 0.988,
        "recall_min": 0.9,
        "qps": 96.67435941539,
        "p99_ms": 228.54591806884838,
        "pages_total_mean": 8580.7,
        "pages_hit_mean": 8580.7,
        "pages_read_mean": 0.0
      },
      "40": {
        "recall_mean": 0.9839999999999999,
        "recall_min": 0.8,
        "qps": 269.5427478846273,
        "p99_ms": 147.22587428987,
        "pages_total_mean": 3018.3,
        "pages_hit_mean": 3018.3,
        "pages_read_mean": 0.0
      },
      "80": {
        "recall_mean": 0.9860000000000001,
        "recall_min": 0.9,
        "qps": 533.0167303193908,
        "p99_ms": 68.20015864097492,
        "pages_total_mean": 1698.0,
        "pages_hit_mean": 1698.0,
        "pages_read_mean": 0.0
      }
    }
  }
}