{
  "pgvector": {
    "a": {
      "1": {
        "recall_mean": 0.04,
        "recall_min": 0.0,
        "qps": 1284.6832791308518,
        "p99_ms": 7.795584679115551
      },
      "5": {
        "recall_mean": 0.20400000000000001,
        "recall_min": 0.0,
        "qps": 123.4547721049132,
        "p99_ms": 274.05757164582565
      },
      "10": {
        "recall_mean": 0.40800000000000003,
        "recall_min": 0.0,
        "qps": 1408.763002610471,
        "p99_ms": 5.880473488941781
      },
      "40": {
        "recall_mean": 0.9560000000000001,
        "recall_min": 0.9,
        "qps": 423.60312909837916,
        "p99_ms": 84.81772485887609
      },
      "80": {
        "recall_mean": 0.972,
        "recall_min": 0.8,
        "qps": 425.50185206143874,
        "p99_ms": 89.08160834456764
      }
    }
  },
  "pg_acorn_tier1_g1": {
    "a": {
      "1": {
        "recall_mean": 1.0,
        "recall_min": 1.0,
        "qps": 1656.596921952369,
        "p99_ms": 2.864631542470304
      },
      "5": {
        "recall_mean": 0.206,
        "recall_min": 0.0,
        "qps": 282.52357725964146,
        "p99_ms": 91.47703559836364
      },
      "10": {
        "recall_mean": 0.408,
        "recall_min": 0.0,
        "qps": 816.2583752203531,
        "p99_ms": 11.489122584462141
      },
      "40": {
        "recall_mean": 0.9499999999999998,
        "recall_min": 0.8,
        "qps": 383.53611290574736,
        "p99_ms": 100.8526719536164
      },
      "80": {
        "recall_mean": 0.97,
        "recall_min": 0.8,
        "qps": 404.1455811651052,
        "p99_ms": 64.00930337840677
      }
    }
  },
  "pg_acorn_tier2_g1": {
    "a": {
      "1": {
        "recall_mean": 1.0,
        "recall_min": 1.0,
        "qps": 12.454373941150923,
        "p99_ms": 442.08526078029536
      },
      "5": {
        "recall_mean": 0.9739999999999999,
        "recall_min": 0.8,
        "qps": 33.20833397536601,
        "p99_ms": 273.58987010898994
      },
      "10": {
        "recall_mean": 0.9180000000000001,
        "recall_min": 0.6,
        "qps": 132.78803943082278,
        "p99_ms": 171.59291563555584
      },
      "40": {
        "recall_mean": 0.9359999999999999,
        "recall_min": 0.7,
        "qps": 133.75502985220896,
        "p99_ms": 204.29029105929624
      },
      "80": {
        "recall_mean": 0.95,
        "recall_min": 0.8,
        "qps": 448.8589435163179,
        "p99_ms": 22.914342691656156
      }
    }
  },
  "pg_acorn_tier2_g2": {
    "a": {
      "1": {
        "recall_mean": 1.0,
        "recall_min": 1.0,
        "qps": 927.4192730006233,
        "p99_ms": 13.508361444110013
      },
      "5": {
        "recall_mean": 0.992,
        "recall_min": 0.9,
        "qps": 19.21955320109939,
        "p99_ms": 533.4836101450487
      },
      "10": {
        "recall_mean": 0.992,
        "recall_min": 0.9,
        "qps": 26.519925637559815,
        "p99_ms": 541.4396026881874
      },
      "40": {
        "recall_mean": 0.9660000000000001,
        "recall_min": 0.8,
        "qps": 88.14919999765507,
        "p99_ms": 239.33282004320057
      },
      "80": {
        "recall_mean": 0.97,
        "recall_min": 0.9,
        "qps": 69.94762049243326,
        "p99_ms": 231.65774716995645
      }
    }
  }
}