{
 "stage": "baseline",
 "n": 30000,
 "dim": 128,
 "nq": 50,
 "k": 10,
 "gamma": 2,
 "selectivity": 0.4175333333333333,
 "efs": {
  "100": {
   "ef": 100,
   "cpu_ms_per_query": 6.426666666666668,
   "qps_cpu": 155.60165975103732,
   "qps_min": 795.5912211102859,
   "qps_median": 438.2019174311112,
   "lat_ms_min_mean": 1.2569268909282982,
   "qps_runs": [
    104.8,
    186.7,
    198.4,
    146.9,
    109.8,
    112.9,
    83.3,
    111.8,
    129.4,
    173.7,
    60.5,
    77.7,
    66.2,
    72.6,
    201.0
   ],
   "recall": 0.8740000000000001,
   "pages_per_query": 1694.46,
   "plan_node": "Index Scan",
   "index_name": "fastpath_items_idx",
   "ids_per_query": [
    [
     28965,
     12940,
     20131,
     987,
     24804,
     26806,
     22653,
     11061,
     20687,
     19008
    ],
    [
     2,
     684,
     28599,
     12096,
     17414,
     12322,
     21166,
     24988,
     20084,
     1234
    ],
    [
     14678,
     7573,
     18994,
     13212,
     14035,
     1590,
     21341,
     28518,
     24870,
     14304
    ],
    [
     611,
     11440,
     5372,
     29622,
     1382,
     13895,
     6760,
     6838,
     19901,
     130
    ],
    [
     12864,
     4869,
     4628,
     20378,
     4864,
     21850,
     13323,
     29925,
     424,
     21987
    ],
    [
     20407,
     6,
     19182,
     3836,
     12312,
     3996,
     28268,
     28449,
     10161,
     4485
    ],
    [
     24866,
     26140,
     2722,
     9483,
     7373,
     17246,
     2060,
     8970,
     18855,
     26864
    ],
    [
     15676,
     11539,
     2091,
     29622,
     15935,
     16340,
     4203,
     29767,
     17471,
     9302
    ],
    [
     19237,
     26850,
     20703,
     6716,
     23553,
     4311,
     17942,
     2560,
     9793,
     10528
    ],
    [
     7904,
     7946,
     13883,
     17982,
     1206,
     25470,
     8315,
     20505,
     26683,
     23367
    ],
    [
     11,
     22583,
     3774,
     23988,
     22223,
     6664,
     17141,
     3724,
     5632,
     12381
    ],
    [
     1590,
     16411,
     7938,
     5943,
     28777,
     4892,
     17963,
     9877,
     24421,
     2741
    ],
    [
     1988,
     8770,
     16714,
     6619,
     24117,
     12976,
     19670,
     15179,
     20207,
     26593
    ],
    [
     14,
     17859,
     20410,
     11820,
     14278,
     4341,
     26680,
     1458,
     7775,
     8243
    ],
    [
     10801,
     2447,
     27032,
     19799,
     2456,
     26193,
     16093,
     10207,
     7105,
     19670
    ],
    [
     16,
     4409,
     4452,
     21174,
     16855,
     2412,
     8829,
     20615,
     24449,
     6300
    ],
    [
     14631,
     5945,
     16017,
     15309,
     19743,
     3080,
     1673,
     10937,
     16259,
     1812
    ],
    [
     6731,
     2770,
     14678,
     12580,
     6381,
     12542,
     23267,
     13215,
     18583,
     14418
    ],
    [
     20776,
     21812,
     16913,
     4838,
     921,
     18698,
     22880,
     29083,
     1326,
     6716
    ],
    [
     20030,
     27352,
     27974,
     6100,
     14628,
     24861,
     4692,
     3390,
     5969,
     16288
    ],
    [
     21,
     4965,
     27066,
     5221,
     17292,
     8704,
     19064,
     16132,
     2503,
     7776
    ],
    [
     16158,
     14409,
     28336,
     16585,
     12381,
     25081,
     17119,
     21687,
     6380,
     6082
    ],
    [
     23,
     19093,
     7406,
     19776,
     27529,
     4035,
     5802,
     10495,
     17641,
     8693
    ],
    [
     11845,
     29624,
     2404,
     9832,
     11031,
     28382,
     15948,
     9483,
     3347,
     13953
    ],
    [
     20771,
     16685,
     26217,
     15214,
     5649,
     15840,
     6782,
     17517,
     20231,
     5757
    ],
    [
     10487,
     29533,
     16168,
     1388,
     28439,
     10400,
     2681,
     17552,
     10874,
     11466
    ],
    [
     18811,
     16769,
     5173,
     12492,
     15264,
     27234,
     23840,
     4509,
     14933,
     3179
    ],
    [
     26672,
     28,
     4828,
     17622,
     7154,
     14524,
     19822,
     13593,
     5485,
     4514
    ],
    [
     4741,
     29,
     3035,
     26910,
     6814,
     16026,
     8419,
     16353,
     3057,
     4864
    ],
    [
     30,
     17873,
     20927,
     10192,
     9876,
     7184,
     1481,
     16023,
     29301,
     4727
    ],
    [
     31,
     7882,
     8983,
     21242,
     17140,
     9849,
     18139,
     12860,
     4251,
     14030
    ],
    [
     10125,
     15935,
     4470,
     20855,
     25195,
     29669,
     2889,
     5368,
     5811,
     4294
    ],
    [
     33,
     7289,
     17196,
     8731,
     18969,
     8710,
     19320,
     29631,
     22888,
     22437
    ],
    [
     23861,
     24674,
     26268,
     485,
     8841,
     816,
     8825,
     3080,
     8266,
     5546
    ],
    [
     35,
     4421,
     7432,
     7367,
     21543,
     3246,
     18518,
     12494,
     7150,
     22728
    ],
    [
     4684,
     17411,
     11931,
     7728,
     18189,
     3063,
     19044,
     4827,
     6868,
     6462
    ],
    [
     37,
     20327,
     15319,
     12238,
     25787,
     3915,
     10311,
     9710,
     25006,
     20001
    ],
    [
     28386,
     16302,
     8808,
     11431,
     6952,
     27066,
     6814,
     5263,
     12999,
     11116
    ],
    [
     26642,
     3167,
     23215,
     3475,
     21934,
     23624,
     11351,
     3087,
     15787,
     9761
    ],
    [
     40,
     21774,
     709,
     26191,
     29045,
     15684,
     7436,
     26587,
     1266,
     28155
    ],
    [
     41,
     15912,
     27648,
     23545,
     14894,
     15185,
     23198,
     3950,
     26407,
     25770
    ],
    [
     28786,
     22391,
     147,
     13678,
     8315,
     15295,
     17170,
     18189,
     4880,
     8856
    ],
    [
     22044,
     4589,
     27924,
     12346,
     14760,
     14979,
     6185,
     20987,
     11315,
     1334
    ],
    [
     3391,
     6307,
     8174,
     3802,
     12859,
     9944,
     14119,
     3575,
     14261,
     2066
    ],
    [
     374,
     17182,
     8925,
     1639,
     15967,
     28442,
     16940,
     15214,
     17327,
     24426
    ],
    [
     19093,
     5060,
     13087,
     17877,
     9612,
     14430,
     4528,
     2793,
     5596,
     16151
    ],
    [
     12988,
     23760,
     5740,
     8266,
     10050,
     2621,
     10096,
     15481,
     13467,
     2545
    ],
    [
     18793,
     2936,
     27429,
     29519,
     2772,
     4942,
     10134,
     5860,
     18349,
     2389
    ],
    [
     49,
     15476,
     23248,
     7827,
     667,
     6445,
     22750,
     10867,
     18457,
     10424
    ],
    [
     50,
     15785,
     21638,
     8137,
     17128,
     26683,
     9136,
     8938,
     1548,
     25281
    ]
   ]
  },
  "400": {
   "ef": 400,
   "cpu_ms_per_query": 15.733333333333336,
   "qps_cpu": 63.5593220338983,
   "qps_min": 797.924140419503,
   "qps_median": 425.829231061245,
   "lat_ms_min_mean": 1.253251968882978,
   "qps_runs": [
    15.4,
    28.7,
    21.3,
    49.9,
    45.4,
    16.1,
    79.4,
    55.8,
    193.9,
    126.9,
    86.6,
    319.8,
    131.8,
    105.6,
    222.1
   ],
   "recall": 0.8740000000000001,
   "pages_per_query": 1694.4,
   "plan_node": "Index Scan",
   "index_name": "fastpath_items_idx",