{
  "pgvector": {
    "a": {
      "1": {
        "recall_mean": 1.0,
        "recall_min": 1.0,
        "qps": 1440.6828560009162,
        "p99_ms": 4.855545733589679
      },
      "5": {
        "recall_mean": 1.0,
        "recall_min": 1.0,
        "qps": 2501.3400811674437,
        "p99_ms": 2.8680982417427
      },
      "10": {
        "recall_mean": 1.0,
        "recall_min": 1.0,
        "qps": 1663.7952535247853,
        "p99_ms": 11.47754942998289
      },
      "40": {
        "recall_mean": 1.0,
        "recall_min": 1.0,
        "qps": 3623.0828339672785,
        "p99_ms": 2.363444082438945
      },
      "80": {
        "recall_mean": 1.0,
        "recall_min": 1.0,
        "qps": 914.1744933857807,
        "p99_ms": 40.06515502464023
      }
    }
  },
  "pg_acorn_tier1_g1": {
    "a": {
      "1": {
        "recall_mean": 1.0,
        "recall_min": 1.0,
        "qps": 511.82140082284513,
        "p99_ms": 104.6086371573618
      },
      "5": {
        "recall_mean": 1.0,
        "recall_min": 1.0,
        "qps": 194.38797436573455,
        "p99_ms": 147.77515174937423
      },
      "10": {
        "recall_mean": 1.0,
        "recall_min": 1.0,
        "qps": 2625.706484568694,
        "p99_ms": 3.5162848443724197
      },
      "40": {
        "recall_mean": 1.0,
        "recall_min": 1.0,
        "qps": 547.4654845876968,
        "p99_ms": 97.48566852416832
      },
      "80": {
        "recall_mean": 1.0,
        "recall_min": 1.0,
        "qps": 5586.888753537873,
        "p99_ms": 1.4233784424141047
      }
    }
  },
  "pg_acorn_tier2_g1": {
    "a": {
      "1": {
        "recall_mean": 0.035,
        "recall_min": 0.0,
        "qps": 4089.123088730981,
        "p99_ms": 2.7751873806118956
      },
      "5": {
        "recall_mean": 0.195,
        "recall_min": 0.0,
        "qps": 3690.4607312375815,
        "p99_ms": 1.658652782207355
      },
      "10": {
        "recall_mean": 0.39499999999999996,
        "recall_min": 0.2,
        "qps": 925.5538637844098,
        "p99_ms": 39.164626999990986
      },
      "40": {
        "recall_mean": 0.99,
        "recall_min": 0.9,
        "qps": 5377.407715547063,
        "p99_ms": 1.5711322205606844
      },
      "80": {
        "recall_mean": 0.9949999999999999,
        "recall_min": 0.9,
        "qps": 678.9313327944737,
        "p99_ms": 82.10200564470134
      }
    }
  },
  "pg_acorn_tier2_g2": {
    "a": {
      "1": {
        "recall_mean": 0.035,
        "recall_min": 0.0,
        "qps": 472.44525045501223,
        "p99_ms": 58.83034201106052
      },
      "5": {
        "recall_mean": 0.19,
        "recall_min": 0.0,
        "qps": 2117.604841904101,
        "p99_ms": 4.276116588152944
      },
      "10": {
        "recall_mean": 0.39499999999999996,
        "recall_min": 0.2,
        "qps": 304.9086014688134,
        "p99_ms": 127.26594101754004
      },
      "40": {
        "recall_mean": 0.99,
        "recall_min": 0.9,
        "qps": 374.89227496468465,
        "p99_ms": 112.80466257943758
      },
      "80": {
        "recall_mean": 0.9949999999999999,
        "recall_min": 0.9,
        "qps": 199.84649620232685,
        "p99_ms": 57.37543601193464
      }
    }
  }
}