{
  "pgvector": {
    "a": {
      "1": {
        "recall_mean": 1.0,
        "recall_min": 1.0,
        "qps": 31.35314777734482,
        "p99_ms": 256.2588305061215,
        "pages_total_mean": 27340.95,
        "pages_hit_mean": 27340.95,
        "pages_read_mean": 0.0
      },
      "5": {
        "recall_mean": 1.0,
        "recall_min": 1.0,
        "qps": 85.68375835227647,
        "p99_ms": 274.709178918274,
        "pages_total_mean": 12801.45,
        "pages_hit_mean": 12801.45,
        "pages_read_mean": 0.0
      },
      "10": {
        "recall_mean": 1.0,
        "recall_min": 1.0,
        "qps": 138.28198681686416,
        "p99_ms": 179.51019346131923,
        "pages_total_mean": 7956.6,
        "pages_hit_mean": 7956.6,
        "pages_read_mean": 0.0
      },
      "40": {
        "recall_mean": 0.9820000000000002,
        "recall_min": 0.9,
        "qps": 317.8706983680968,
        "p99_ms": 135.79996816697482,
        "pages_total_mean": 1249.5,
        "pages_hit_mean": 1249.5,
        "pages_read_mean": 0.0
      },
      "80": {
        "recall_mean": 0.9780000000000001,
        "recall_min": 0.8,
        "qps": 2153.929454206068,
        "p99_ms": 2.005794132128358,
        "pages_total_mean": 1235.75,
        "pages_hit_mean": 1235.75,
        "pages_read_mean": 0.0
      }
    }
  },
  "pg_acorn_tier1_g1": {
    "a": {
      "1": {
        "recall_mean": 1.0,
        "recall_min": 1.0,
        "qps": 23.66975222941717,
        "p99_ms": 302.79836773639545,
        "pages_total_mean": 27360.25,
        "pages_hit_mean": 27360.25,
        "pages_read_mean": 0.0
      },
      "5": {
        "recall_mean": 1.0,
        "recall_min": 1.0,
        "qps": 35.5459356087374,
        "p99_ms": 734.4170086726073,
        "pages_total_mean": 12699.5,
        "pages_hit_mean": 12699.5,
        "pages_read_mean": 0.0
      },
      "10": {
        "recall_mean": 1.0,
        "recall_min": 1.0,
        "qps": 141.95349980876603,
        "p99_ms": 270.0847661995794,
        "pages_total_mean": 7896.75,
        "pages_hit_mean": 7896.75,
        "pages_read_mean": 0.0
      },
      "40": {
        "recall_mean": 1.0,
        "recall_min": 1.0,
        "qps": 277.60241752684954,
        "p99_ms": 141.88327900948894,
        "pages_total_mean": 2527.75,
        "pages_hit_mean": 2527.75,
        "pages_read_mean": 0.0
      },
      "80": {
        "recall_mean": 1.0,
        "recall_min": 1.0,
        "qps": 293.31175650518435,
        "p99_ms": 134.08300533541436,
        "pages_total_mean": 1409.9,
        "pages_hit_mean": 1409.9,
        "pages_read_mean": 0.0
      }
    }
  },
  "pg_acorn_tier2_g1": {
    "a": {
      "1": {
        "recall_mean": 0.998,
        "recall_min": 0.9,
        "qps": 33.96184062006036,
        "p99_ms": 307.2937991830983,
        "pages_total_mean": 22000.55,
        "pages_hit_mean": 22000.55,
        "pages_read_mean": 0.0
      },
      "5": {
        "recall_mean": 0.9519999999999998,
        "recall_min": 0.8,
        "qps": 114.4481361908955,
        "p99_ms": 210.7160274568013,
        "pages_total_mean": 11083.1,
        "pages_hit_mean": 11083.1,
        "pages_read_mean": 0.0
      },
      "10": {
        "recall_mean": 0.884,
        "recall_min": 0.7,
        "qps": 91.71654166363864,
        "p99_ms": 313.89118050108635,
        "pages_total_mean": 7667.2,
        "pages_hit_mean": 7667.2,
        "pages_read_mean": 0.0
      },
      "40": {
        "recall_mean": 0.932,
        "recall_min": 0.8,
        "qps": 338.4065657736853,
        "p99_ms": 69.10917335306287,
        "pages_total_mean": 2386.5,
        "pages_hit_mean": 2386.5,
        "pages_read_mean": 0.0
      },
      "80": {
        "recall_mean": 0.9420000000000001,
        "recall_min": 0.7,
        "qps": 1087.1321186347084,
        "p99_ms": 3.294743939768523,
        "pages_total_mean": 2373.15,
        "pages_hit_mean": 2373.15,
        "pages_read_mean": 0.0
      }
    }
  },
  "pg_acorn_tier2_g2": {
    "a": {
      "1": {
        "recall_mean": 1.0,
        "recall_min": 1.0,
        "qps": 186.5067010785137,
        "p99_ms": 152.8959175490307,
        "pages_total_mean": 371.0,
        "pages_hit_mean": 371.0,
        "pages_read_mean": 0.0
      },
      "5": {
        "recall_mean": 0.992,
        "recall_min": 0.9,
        "qps": 78.53732748580657,
        "p99_ms": 269.0196603036017,
        "pages_total_mean": 16836.55,
        "pages_hit_mean": 16836.55,
        "pages_read_mean": 0.0
      },
      "10": {
        "recall_mean": 0.988,
        "recall_min": 0.9,
        "qps": 97.04648459199082,
        "p99_ms": 203.14804826397443,
        "pages_total_mean": 12780.95,
        "pages_hit_mean": 12780.95,
        "pages_read_mean": 0.0
      },
      "40": {
        "recall_mean": 0.97,
        "recall_min": 0.8,
        "qps": 168.41917743419563,
        "p99_ms": 213.91107531497232,
        "pages_total_mean": 4210.2,
        "pages_hit_mean": 4210.2,
        "pages_read_mean": 0.0
      },
      "80": {
        "recall_mean": 0.966,
        "recall_min": 0.8,
        "qps": 252.4080472149849,
        "p99_ms": 139.4274586951355,
        "pages_total_mean": 4196.0,
        "pages_hit_mean": 4196.0,
        "pages_read_mean": 0.0
      }
    }
  }
}